Workbook

Sheet Full_data
A1: Date | B1: Start_time | C1: Container | D1: FishID | E1: Start_DO | F1: End_DO | G1: Start_temp | H1: End_temp | I1: End_time | J1: Species | K1: Length | L1: Weight | M1: Volume | N1: Trial | O1: Duration_hoursmins | P1: Duration_days | Q1: delta_temp | R1: delta_DO_mgL | S1: delta_DO_g | T1: Respiration_g_g_day | U1: Avg_temp | V1: Respiration_g_g_day
A2: 45048 | B2: 0.25347222 | C2: 6 | D2: 1mas | E2: 9.55 | F2: 8.33 | G2: 9.8 | H2: 10.1 | I2: 0.29583333 | J2: =VLOOKUP(D2,Fish_Container_info!$A$2:$E$20,4) -> #N/A | K2: =VLOOKUP(D2,Fish_Container_info!$A$2:$D$20,2) -> #N/A | L2: =VLOOKUP(D2,Fish_Container_info!$A$2:$D$20,3) -> #N/A | M2: =VLOOKUP(C2,Fish_Container_info!$G$2:$H$45,2) -> 2340 | N2: 1 | O2: =I2-B2 -> 0.042361111 | P2: =VALUE(O2*24*60)/(24*60) -> 0.042361111 | Q2: =H2-G2 -> 0.3 | R2: =E2-F2 -> 1.22 | S2: =R2*(M2/1000)/1000 -> 0.0028548 | T2: =(S2/L2)/P2 -> #N/A | U2: =AVERAGE(G2:H2) -> 9.95 | V2: 0.0026637154 | AH2: g/g/day | AI2: g/g/hr | AJ2: mg/g/hr | AK2: mg/kg/hr | AL2: mg/kg/min | AM2: g/g/hr | AN2: mg/g/hr | AO2: mg/kg/hr | AP2: mg/kg/min | AR2: temp_bin | AS2: temp | AT2: rate_output | AU2: FishID | AV2: Species | AW2: Method | AX2: trial | AY2: rep
A3: 45048 | B3: 0.25486111 | C3: 7 | D3: 2mas | E3: 10.17 | F3: 8.98 | G3: 9.5 | H3: 9.7 | I3: 0.29930556 | J3: =VLOOKUP(D3,Fish_Container_info!$A$2:$E$20,4) -> #N/A | K3: =VLOOKUP(D3,Fish_Container_info!$A$2:$D$20,2) -> #N/A | L3: =VLOOKUP(D3,Fish_Container_info!$A$2:$D$20,3) -> #N/A | M3: =VLOOKUP(C3,Fish_Container_info!$G$2:$H$45,2) -> 2340 | N3: 1 | O3: =I3-B3 -> 0.044444444 | P3: =VALUE(O3*24*60)/(24*60) -> 0.044444444 | Q3: =H3-G3 -> 0.2 | R3: =E3-F3 -> 1.19 | S3: =R3*(M3/1000)/1000 -> 0.0027846 | T3: =(S3/L3)/P3 -> #N/A | U3: =AVERAGE(G3:H3) -> 9.6 | V3: 0.0024005172 | AH3: 0.006 | AI3: =AH3/24 -> 0.00025 | AJ3: =AI3*1000 -> 0.25 | AK3: =AJ3*1000 -> 250 | AL3: =AK3/60 -> 4.1666667 | AM3: =AT3/24 -> 0.00011098813 | AN3: =AM3*1000 -> 0.11098813 | AO3: =AN3*1000 -> 110.98813 | AP3: =AO3/60 -> 1.8498021 | AR3: 10 | AS3: 9.95 | AT3: 0.002663715 | AU3: Masu14 | AV3: Masu | AW3: Static | AX3: 1 | AY3: NA
A4: 45048 | B4: 0.33263889 | C4: 6 | D4: 1mas | E4: 9.3 | F4: 7.78 | G4: 10.4 | H4: 10.8 | I4: 0.37569444 | J4: =VLOOKUP(D4,Fish_Container_info!$A$2:$E$20,4) -> #N/A | K4: =VLOOKUP(D4,Fish_Container_info!$A$2:$D$20,2) -> #N/A | L4: =VLOOKUP(D4,Fish_Container_info!$A$2:$D$20,3) -> #N/A | M4: =VLOOKUP(C4,Fish_Container_info!$G$2:$H$45,2) -> 2340 | N4: 2 | O4: =I4-B4 -> 0.043055556 | P4: =VALUE(O4*24*60)/(24*60) -> 0.043055556 | Q4: =H4-G4 -> 0.4 | R4: =E4-F4 -> 1.52 | S4: =R4*(M4/1000)/1000 -> 0.0035568 | T4: =(S4/L4)/P4 -> #N/A | U4: =AVERAGE(G4:H4) -> 10.6 | V4: 0.0032651995 | AM4: =AT4/24 -> 0.00010002154 | AN4: =AM4*1000 -> 0.10002154 | AO4: =AN4*1000 -> 100.02154 | AP4: =AO4/60 -> 1.6670257 | AR4: 10 | AS4: 9.6 | AT4: 0.002400517 | AU4: Masu15 | AV4: Masu | AW4: Static | AX4: 1 | AY4: NA
A5: 45048 | B5: 0.33541667 | C5: 7 | D5: 2mas | E5: 8.96 | F5: 7.71 | G5: 10 | H5: 10.4 | I5: 0.38194444 | J5: =VLOOKUP(D5,Fish_Container_info!$A$2:$E$20,4) -> #N/A | K5: =VLOOKUP(D5,Fish_Container_info!$A$2:$D$20,2) -> #N/A | L5: =VLOOKUP(D5,Fish_Container_info!$A$2:$D$20,3) -> #N/A | M5: =VLOOKUP(C5,Fish_Container_info!$G$2:$H$45,2) -> 2340 | N5: 2 | O5: =I5-B5 -> 0.046527778 | P5: =VALUE(O5*24*60)/(24*60) -> 0.046527778 | Q5: =H5-G5 -> 0.4 | R5: =E5-F5 -> 1.25 | S5: =R5*(M5/1000)/1000 -> 0.002925 | T5: =(S5/L5)/P5 -> #N/A | U5: =AVERAGE(G5:H5) -> 10.2 | V5: 0.0024086464 | AM5: =AT5/24 -> 0.00013605 | AN5: =AM5*1000 -> 0.13605 | AO5: =AN5*1000 -> 136.05 | AP5: =AO5/60 -> 2.2675 | AR5: 11 | AS5: 10.6 | AT5: 0.0032652 | AU5: Masu14 | AV5: Masu | AW5: Static | AX5: 2 | AY5: NA
A6: 45048 | B6: 0.40555556 | C6: 6 | D6: 1mas | E6: 9.17 | F6: 7.8 | G6: 11.3 | H6: 12.2 | I6: 0.44375 | J6: =VLOOKUP(D6,Fish_Container_info!$A$2:$E$20,4) -> #N/A | K6: =VLOOKUP(D6,Fish_Container_info!$A$2:$D$20,2) -> #N/A | L6: =VLOOKUP(D6,Fish_Container_info!$A$2:$D$20,3) -> #N/A | M6: =VLOOKUP(C6,Fish_Container_info!$G$2:$H$45,2) -> 2340 | N6: 3 | O6: =I6-B6 -> 0.038194444 | P6: =VALUE(O6*24*60)/(24*60) -> 0.038194444 | Q6: =H6-G6 -> 0.9 | R6: =E6-F6 -> 1.37 | S6: =R6*(M6/1000)/1000 -> 0.0032058 | T6: =(S6/L6)/P6 -> #N/A | U6: =AVERAGE(G6:H6) -> 11.75 | V6: 0.0033175365 | AM6: =AT6/24 -> 0.00010036025 | AN6: =AM6*1000 -> 0.10036025 | AO6: =AN6*1000 -> 100.36025 | AP6: =AO6/60 -> 1.6726708 | AR6: 10 | AS6: 10.2 | AT6: 0.002408646 | AU6: Masu15 | AV6: Masu | AW6: Static | AX6: 2 | AY6: NA
A7: 45048 | B7: 0.40902778 | C7: 7 | D7: 2mas | E7: 7.08 | F7: 5.8 | G7: 10.9 | H7: 11.9 | I7: 0.44722222 | J7: =VLOOKUP(D7,Fish_Container_info!$A$2:$E$20,4) -> #N/A | K7: =VLOOKUP(D7,Fish_Container_info!$A$2:$D$20,2) -> #N/A | L7: =VLOOKUP(D7,Fish_Container_info!$A$2:$D$20,3) -> #N/A | M7: =VLOOKUP(C7,Fish_Container_info!$G$2:$H$45,2) -> 2340 | N7: 3 | O7: =I7-B7 -> 0.038194444 | P7: =VALUE(O7*24*60)/(24*60) -> 0.038194444 | Q7: =H7-G7 -> 1 | R7: =E7-F7 -> 1.28 | S7: =R7*(M7/1000)/1000 -> 0.0029952 | T7: =(S7/L7)/P7 -> #N/A | U7: =AVERAGE(G7:H7) -> 11.4 | V7: 0.0030045893 | AM7: =AT7/24 -> 0.00013823067 | AN7: =AM7*1000 -> 0.13823067 | AO7: =AN7*1000 -> 138.23067 | AP7: =AO7/60 -> 2.3038444 | AR7: 12 | AS7: 11.75 | AT7: 0.003317536 | AU7: Masu14 | AV7: Masu | AW7: Static | AX7: 3 | AY7: NA
A8: 45048 | B8: 0.475 | C8: 6 | D8: 1mas | E8: 8.4 | F8: 6.62 | G8: 13 | H8: 14.3 | I8: 0.51736111 | J8: =VLOOKUP(D8,Fish_Container_info!$A$2:$E$20,4) -> #N/A | K8: =VLOOKUP(D8,Fish_Container_info!$A$2:$D$20,2) -> #N/A | L8: =VLOOKUP(D8,Fish_Container_info!$A$2:$D$20,3) -> #N/A | M8: =VLOOKUP(C8,Fish_Container_info!$G$2:$H$45,2) -> 2340 | N8: 4 | O8: =I8-B8 -> 0.042361111 | P8: =VALUE(O8*24*60)/(24*60) -> 0.042361111 | Q8: =H8-G8 -> 1.3 | R8: =E8-F8 -> 1.78 | S8: =R8*(M8/1000)/1000 -> 0.0041652 | T8: =(S8/L8)/P8 -> #N/A | U8: =AVERAGE(G8:H8) -> 13.65 | V8: 0.0038864045 | AM8: =AT8/24 -> 0.00012519121 | AN8: =AM8*1000 -> 0.12519121 | AO8: =AN8*1000 -> 125.19121 | AP8: =AO8/60 -> 2.0865201 | AR8: 11 | AS8: 11.4 | AT8: 0.003004589 | AU8: Masu15 | AV8: Masu | AW8: Static | AX8: 3 | AY8: NA
A9: 45048 | B9: 0.47777778 | C9: 7 | D9: 2mas | E9: 6.78 | F9: 5.23 | G9: 12.8 | H9: 14.4 | I9: 0.52013889 | J9: =VLOOKUP(D9,Fish_Container_info!$A$2:$E$20,4) -> #N/A | K9: =VLOOKUP(D9,Fish_Container_info!$A$2:$D$20,2) -> #N/A | L9: =VLOOKUP(D9,Fish_Container_info!$A$2:$D$20,3) -> #N/A | M9: =VLOOKUP(C9,Fish_Container_info!$G$2:$H$45,2) -> 2340 | N9: 4 | O9: =I9-B9 -> 0.042361111 | P9: =VALUE(O9*24*60)/(24*60) -> 0.042361111 | Q9: =H9-G9 -> 1.6 | R9: =E9-F9 -> 1.55 | S9: =R9*(M9/1000)/1000 -> 0.003627 | T9: =(S9/L9)/P9 -> #N/A | U9: =AVERAGE(G9:H9) -> 13.6 | V9: 0.0032804975 | AM9: =AT9/24 -> 0.0001619335 | AN9: =AM9*1000 -> 0.1619335 | AO9: =AN9*1000 -> 161.9335 | AP9: =AO9/60 -> 2.6988917 | AR9: 14 | AS9: 13.65 | AT9: 0.003886404 | AU9: Masu14 | AV9: Masu | AW9: Static | AX9: 4 | AY9: NA
A10: 45048 | B10: 0.55972222 | C10: 6 | D10: 1mas | E10: 7.65 | F10: 5.47 | G10: 16.8 | H10: 18.3 | I10: 0.59097222 | J10: =VLOOKUP(D10,Fish_Container_info!$A$2:$E$20,4) -> #N/A | K10: =VLOOKUP(D10,Fish_Container_info!$A$2:$D$20,2) -> #N/A | L10: =VLOOKUP(D10,Fish_Container_info!$A$2:$D$20,3) -> #N/A | M10: =VLOOKUP(C10,Fish_Container_info!$G$2:$H$45,2) -> 2340 | N10: 5 | O10: =I10-B10 -> 0.03125 | P10: =VALUE(O10*24*60)/(24*60) -> 0.03125 | Q10: =H10-G10 -> 1.5 | R10: =E10-F10 -> 2.18 | S10: =R10*(M10/1000)/1000 -> 0.0051012 | T10: =(S10/L10)/P10 -> #N/A | U10: =AVERAGE(G10:H10) -> 17.55 | V10: 0.0064521107 | AM10: =AT10/24 -> 0.00013668737 | AN10: =AM10*1000 -> 0.13668737 | AO10: =AN10*1000 -> 136.68738 | AP10: =AO10/60 -> 2.2781229 | AR10: 14 | AS10: 13.6 | AT10: 0.003280497 | AU10: Masu15 | AV10: Masu | AW10: Static | AX10: 4 | AY10: NA
A11: 45048 | B11: 0.5625 | C11: 7 | D11: 2mas | E11: 5.98 | F11: 4.14 | G11: 17.7 | H11: 18.5 | I11: 0.59375 | J11: =VLOOKUP(D11,Fish_Container_info!$A$2:$E$20,4) -> #N/A | K11: =VLOOKUP(D11,Fish_Container_info!$A$2:$D$20,2) -> #N/A | L11: =VLOOKUP(D11,Fish_Container_info!$A$2:$D$20,3) -> #N/A | M11: =VLOOKUP(C11,Fish_Container_info!$G$2:$H$45,2) -> 2340 | N11: 5 | O11: =I11-B11 -> 0.03125 | P11: =VALUE(O11*24*60)/(24*60) -> 0.03125 | Q11: =H11-G11 -> 0.8 | R11: =E11-F11 -> 1.84 | S11: =R11*(M11/1000)/1000 -> 0.0043056 | T11: =(S11/L11)/P11 -> #N/A | U11: =AVERAGE(G11:H11) -> 18.1 | V11: 0.0052788966 | AM11: =AT11/24 -> 0.00026883796 | AN11: =AM11*1000 -> 0.26883796 | AO11: =AN11*1000 -> 268.83796 | AP11: =AO11/60 -> 4.4806326 | AR11: 18 | AS11: 17.55 | AT11: 0.006452111 | AU11: Masu14 | AV11: Masu | AW11: Static | AX11: 5 | AY11: NA
A12: 45048 | B12: 0.625 | C12: 6 | D12: 1mas | E12: 6.62 | F12: 4.95 | G12: 19.5 | H12: 20 | I12: 0.64930556 | J12: =VLOOKUP(D12,Fish_Container_info!$A$2:$E$20,4) -> #N/A | K12: =VLOOKUP(D12,Fish_Container_info!$A$2:$D$20,2) -> #N/A | L12: =VLOOKUP(D12,Fish_Container_info!$A$2:$D$20,3) -> #N/A | M12: =VLOOKUP(C12,Fish_Container_info!$G$2:$H$45,2) -> 2340 | N12: 6 | O12: =I12-B12 -> 0.024305556 | P12: =VALUE(O12*24*60)/(24*60) -> 0.024305556 | Q12: =H12-G12 -> 0.5 | R12: =E12-F12 -> 1.67 | S12: =R12*(M12/1000)/1000 -> 0.0039078 | T12: =(S12/L12)/P12 -> #N/A | U12: =AVERAGE(G12:H12) -> 19.75 | V12: 0.0063548639 | AM12: =AT12/24 -> 0.00021995404 | AN12: =AM12*1000 -> 0.21995404 | AO12: =AN12*1000 -> 219.95404 | AP12: =AO12/60 -> 3.6659007 | AR12: 18 | AS12: 18.1 | AT12: 0.005278897 | AU12: Masu15 | AV12: Masu | AW12: Static | AX12: 5 | AY12: NA
A13: 45048 | B13: 0.62638889 | C13: 7 | D13: 2mas | E13: 7.86 | F13: 6.07 | G13: 19.3 | H13: 19.7 | I13: 0.65138889 | J13: =VLOOKUP(D13,Fish_Container_info!$A$2:$E$20,4) -> #N/A | K13: =VLOOKUP(D13,Fish_Container_info!$A$2:$D$20,2) -> #N/A | L13: =VLOOKUP(D13,Fish_Container_info!$A$2:$D$20,3) -> #N/A | M13: =VLOOKUP(C13,Fish_Container_info!$G$2:$H$45,2) -> 2340 | N13: 6 | O13: =I13-B13 -> 0.025 | P13: =VALUE(O13*24*60)/(24*60) -> 0.025 | Q13: =H13-G13 -> 0.4 | R13: =E13-F13 -> 1.79 | S13: =R13*(M13/1000)/1000 -> 0.0041886 | T13: =(S13/L13)/P13 -> #N/A | U13: =AVERAGE(G13:H13) -> 19.5 | V13: 0.0064193103 | AM13: =AT13/24 -> 0.000264786 | AN13: =AM13*1000 -> 0.264786 | AO13: =AN13*1000 -> 264.786 | AP13: =AO13/60 -> 4.4131 | AR13: 20 | AS13: 19.75 | AT13: 0.006354864 | AU13: Masu14 | AV13: Masu | AW13: Static | AX13: 6 | AY13: NA
A14: 45048 | B14: 0.6875 | C14: 7 | D14: 2mas | E14: 7.86 | F14: 6.39 | G14: 20 | H14: 20 | I14: 0.70763889 | J14: =VLOOKUP(D14,Fish_Container_info!$A$2:$E$20,4) -> #N/A | K14: =VLOOKUP(D14,Fish_Container_info!$A$2:$D$20,2) -> #N/A | L14: =VLOOKUP(D14,Fish_Container_info!$A$2:$D$20,3) -> #N/A | M14: =VLOOKUP(C14,Fish_Container_info!$G$2:$H$45,2) -> 2340 | N14: 7 | O14: =I14-B14 -> 0.020138889 | P14: =VALUE(O14*24*60)/(24*60) -> 0.020138889 | Q14: =H14-G14 -> 0 | R14: =E14-F14 -> 1.47 | S14: =R14*(M14/1000)/1000 -> 0.0034398 | T14: =(S14/L14)/P14 -> #N/A | U14: =AVERAGE(G14:H14) -> 20 | V14: 0.0065442093 | AM14: =AT14/24 -> 0.00026747125 | AN14: =AM14*1000 -> 0.26747125 | AO14: =AN14*1000 -> 267.47125 | AP14: =AO14/60 -> 4.4578542 | AR14: 20 | AS14: 19.5 | AT14: 0.00641931 | AU14: Masu15 | AV14: Masu | AW14: Static | AX14: 6 | AY14: NA
A15: 45048 | B15: 0.70069444 | C15: 6 | D15: 1mas | E15: 5.76 | F15: 4.65 | G15: 20.6 | H15: 20.6 | I15: 0.71319444 | J15: =VLOOKUP(D15,Fish_Container_info!$A$2:$E$20,4) -> #N/A | K15: =VLOOKUP(D15,Fish_Container_info!$A$2:$D$20,2) -> #N/A | L15: =VLOOKUP(D15,Fish_Container_info!$A$2:$D$20,3) -> #N/A | M15: =VLOOKUP(C15,Fish_Container_info!$G$2:$H$45,2) -> 2340 | N15: 7 | O15: =I15-B15 -> 0.0125 | P15: =VALUE(O15*24*60)/(24*60) -> 0.0125 | Q15: =H15-G15 -> 0 | R15: =E15-F15 -> 1.11 | S15: =R15*(M15/1000)/1000 -> 0.0025974 | T15: =(S15/L15)/P15 -> #N/A | U15: =AVERAGE(G15:H15) -> 20.6 | V15: 0.0082131225 | AM15: =AT15/24 -> 0.00027267537 | AN15: =AM15*1000 -> 0.27267537 | AO15: =AN15*1000 -> 272.67537 | AP15: =AO15/60 -> 4.5445896 | AR15: 20 | AS15: 20 | AT15: 0.006544209 | AU15: Masu15 | AV15: Masu | AW15: Static | AX15: 7 | AY15: NA
... A112: 45048 | B112: 0.33125 | C112: 8 | D112: 1cha | E112: 9.1 | F112: 7.9 | G112: 10.6 | H112: 10.8 | I112: 0.37916667 | J112: =VLOOKUP(D112,Fish_Container_info!$A$2:$E$20,4) -> #N/A | K112: =VLOOKUP(D112,Fish_Container_info!$A$2:$D$20,2) -> #N/A | L112: =VLOOKUP(D112,Fish_Container_info!$A$2:$D$20,3) -> #N/A | M112: =VLOOKUP(C112,Fish_Container_info!$G$2:$H$45,2) -> 3690 | N112: 1 | O112: =I112-B112 -> 0.047916667 | P112: =VALUE(O112*24*60)/(24*60) -> 0.047916667 | Q112: =H112-G112 -> 0.2 | R112: =E112-F112 -> 1.2 | S112: =R112*(M112/1000)/1000 -> 0.004428 | T112: =(S112/L112)/P112 -> #N/A | U112: =AVERAGE(G112:H112) -> 10.7 | V112: 0.0021540894 | AM112: =AT112/24 -> 0.00032792942 | AN112: =AM112*1000 -> 0.32792942 | AO112: =AN112*1000 -> 327.92942 | AP112: =AO112/60 -> 5.4654903 | AR112: 19 | AS112: 18.7 | AT112: 0.007870306 | AU112: Ito22 | AV112: Ito | AW112: Static | AX112: 5 | AY112: NA
A113: 45048 | B113: 0.40347222 | C113: 8 | D113: 1cha | E113: 8.83 | F113: 7.63 | G113: 11.3 | H113: 12 | I113: 0.44236111 | J113: =VLOOKUP(D113,Fish_Container_info!$A$2:$E$20,4) -> #N/A | K113: =VLOOKUP(D113,Fish_Container_info!$A$2:$D$20,2) -> #N/A | L113: =VLOOKUP(D113,Fish_Container_info!$A$2:$D$20,3) -> #N/A | M113: =VLOOKUP(C113,Fish_Container_info!$G$2:$H$45,2) -> 3690 | N113: 2 | O113: =I113-B113 -> 0.038888889 | P113: =VALUE(O113*24*60)/(24*60) -> 0.038888889 | Q113: =H113-G113 -> 0.7 | R113: =E113-F113 -> 1.2 | S113: =R113*(M113/1000)/1000 -> 0.004428 | T113: =(S113/L113)/P113 -> #N/A | U113: =AVERAGE(G113:H113) -> 11.65 | V113: 0.0026541459
A114: 45048 | B114: 0.47291667 | C114: 8 | D114: 1cha | E114: 8.23 | F114: 6.88 | G114: 12.7 | H114: 13.8 | I114: 0.51527778 | J114: =VLOOKUP(D114,Fish_Container_info!$A$2:$E$20,4) -> #N/A | K114: =VLOOKUP(D114,Fish_Container_info!$A$2:$D$20,2) -> #N/A | L114: =VLOOKUP(D114,Fish_Container_info!$A$2:$D$20,3) -> #N/A | M114: =VLOOKUP(C114,Fish_Container_info!$G$2:$H$45,2) -> 3690 | N114: 3 | O114: =I114-B114 -> 0.042361111 | P114: =VALUE(O114*24*60)/(24*60) -> 0.042361111 | Q114: =H114-G114 -> 1.1 | R114: =E114-F114 -> 1.35 | S114: =R114*(M114/1000)/1000 -> 0.0049815 | T114: =(S114/L114)/P114 -> #N/A | U114: =AVERAGE(G114:H114) -> 13.25 | V114: 0.002741167
A115: 45048 | B115: 0.55694444 | C115: 8 | D115: 1cha | E115: 8.45 | F115: 6.74 | G115: 15.6 | H115: 16.5 | I115: 0.58888889 | J115: =VLOOKUP(D115,Fish_Container_info!$A$2:$E$20,4) -> #N/A | K115: =VLOOKUP(D115,Fish_Container_info!$A$2:$D$20,2) -> #N/A | L115: =VLOOKUP(D115,Fish_Container_info!$A$2:$D$20,3) -> #N/A | M115: =VLOOKUP(C115,Fish_Container_info!$G$2:$H$45,2) -> 3690 | N115: 4 | O115: =I115-B115 -> 0.031944444 | P115: =VALUE(O115*24*60)/(24*60) -> 0.031944444 | Q115: =H115-G115 -> 0.9 | R115: =E115-F115 -> 1.71 | S115: =R115*(M115/1000)/1000 -> 0.0063099 | T115: =(S115/L115)/P115 -> #N/A | U115: =AVERAGE(G115:H115) -> 16.05 | V115: 0.0046043661
A116: 45048 | B116: 0.62291667 | C116: 8 | D116: 1cha | E116: 6.48 | F116: 5.43 | G116: 17.7 | H116: 18.4 | I116: 0.64722222 | J116: =VLOOKUP(D116,Fish_Container_info!$A$2:$E$20,4) -> #N/A | K116: =VLOOKUP(D116,Fish_Container_info!$A$2:$D$20,2) -> #N/A | L116: =VLOOKUP(D116,Fish_Container_info!$A$2:$D$20,3) -> #N/A | M116: =VLOOKUP(C116,Fish_Container_info!$G$2:$H$45,2) -> 3690 | N116: 5 | O116: =I116-B116 -> 0.024305556 | P116: =VALUE(O116*24*60)/(24*60) -> 0.024305556 | Q116: =H116-G116 -> 0.7 | R116: =E116-F116 -> 1.05 | S116: =R116*(M116/1000)/1000 -> 0.0038745 | T116: =(S116/L116)/P116 -> #N/A | U116: =AVERAGE(G116:H116) -> 18.05 | V116: 0.0037158042
A117: 45048 | B117: 0.69444444 | C117: 8 | D117: 1cha | E117: 6.07 | F117: 5.08 | G117: 19.3 | H117: 19.4 | I117: 0.70972222 | J117: =VLOOKUP(D117,Fish_Container_info!$A$2:$E$20,4) -> #N/A | K117: =VLOOKUP(D117,Fish_Container_info!$A$2:$D$20,2) -> #N/A | L117: =VLOOKUP(D117,Fish_Container_info!$A$2:$D$20,3) -> #N/A | M117: =VLOOKUP(C117,Fish_Container_info!$G$2:$H$45,2) -> 3690 | N117: 6 | O117: =I117-B117 -> 0.015277778 | P117: =VALUE(O117*24*60)/(24*60) -> 0.015277778 | Q117: =H117-G117 -> 0.1 | R117: =E117-F117 -> 0.99 | S117: =R117*(M117/1000)/1000 -> 0.0036531 | T117: =(S117/L117)/P117 -> #N/A | U117: =AVERAGE(G117:H117) -> 19.35 | V117: 0.0055737063
A118: 45048 | B118: 0.75555556 | C118: 8 | D118: 1cha | E118: 6.78 | F118: 5.03 | G118: 19.5 | H118: 19.4 | I118: 0.78611111 | J118: =VLOOKUP(D118,Fish_Container_info!$A$2:$E$20,4) -> #N/A | K118: =VLOOKUP(D118,Fish_Container_info!$A$2:$D$20,2) -> #N/A | L118: =VLOOKUP(D118,Fish_Container_info!$A$2:$D$20,3) -> #N/A | M118: =VLOOKUP(C118,Fish_Container_info!$G$2:$H$45,2) -> 3690 | N118: 7 | O118: =I118-B118 -> 0.030555556 | P118: =VALUE(O118*24*60)/(24*60) -> 0.030555556 | Q118: =H118-G118 -> -0.1 | R118: =E118-F118 -> 1.75 | S118: =R118*(M118/1000)/1000 -> 0.0064575 | T118: =(S118/L118)/P118 -> #N/A | U118: =AVERAGE(G118:H118) -> 19.45 | V118: 0.0049262556
A119: 45050 | B119: 0.21597222 | C119: 8 | D119: 2cha | E119: 6.98 | F119: 4.51 | G119: 14.7 | H119: 14.9 | I119: 0.24930556 | J119: =VLOOKUP(D119,Fish_Container_info!$A$2:$E$20,4) -> #N/A | K119: =VLOOKUP(D119,Fish_Container_info!$A$2:$D$20,2) -> #N/A | L119: =VLOOKUP(D119,Fish_Container_info!$A$2:$D$20,3) -> #N/A | M119: =VLOOKUP(C119,Fish_Container_info!$G$2:$H$45,2) -> 3690 | N119: 1 | O119: =I119-B119 -> 0.033333333 | P119: =VALUE(O119*24*60)/(24*60) -> 0.033333333 | Q119: =H119-G119 -> 0.2 | R119: =E119-F119 -> 2.47 | S119: =R119*(M119/1000)/1000 -> 0.0091143 | T119: =(S119/L119)/P119 -> #N/A | U119: =AVERAGE(G119:H119) -> 14.8 | V119: 0.0042723281
A120: 45050 | B120: 0.21875 | C120: 15 | D120: 3cha | E120: 7.1 | F120: 5.51 | G120: 15.5 | H120: 15.6 | I120: 0.25416667 | J120: =VLOOKUP(D120,Fish_Container_info!$A$2:$E$20,4) -> #N/A | K120: =VLOOKUP(D120,Fish_Container_info!$A$2:$D$20,2) -> #N/A | L120: =VLOOKUP(D120,Fish_Container_info!$A$2:$D$20,3) -> #N/A | M120: =VLOOKUP(C120,Fish_Container_info!$G$2:$H$45,2) -> 5300 | N120: 1 | O120: =I120-B120 -> 0.035416667 | P120: =VALUE(O120*24*60)/(24*60) -> 0.035416667 | Q120: =H120-G120 -> 0.1 | R120: =E120-F120 -> 1.59 | S120: =R120*(M120/1000)/1000 -> 0.008427 | T120: =(S120/L120)/P120 -> #N/A | U120: =AVERAGE(G120:H120) -> 15.55 | V120: 0.0033942771
A121: 45050 | B121: 0.30486111 | C121: 8 | D121: 2cha | E121: 8.81 | F121: 5.8 | G121: 15.3 | H121: 15.7 | I121: 0.34166667 | J121: =VLOOKUP(D121,Fish_Container_info!$A$2:$E$20,4) -> #N/A | K121: =VLOOKUP(D121,Fish_Container_info!$A$2:$D$20,2) -> #N/A | L121: =VLOOKUP(D121,Fish_Container_info!$A$2:$D$20,3) -> #N/A | M121: =VLOOKUP(C121,Fish_Container_info!$G$2:$H$45,2) -> 3690 | N121: 2 | O121: =I121-B121 -> 0.036805556 | P121: =VALUE(O121*24*60)/(24*60) -> 0.036805556 | Q121: =H121-G121 -> 0.4 | R121: =E121-F121 -> 3.01 | S121: =R121*(M121/1000)/1000 -> 0.0111069 | T121: =(S121/L121)/P121 -> #N/A | U121: =AVERAGE(G121:H121) -> 15.5 | V121: 0.0047151934
A122: 45050 | B122: 0.30763889 | C122: 15 | D122: 3cha | E122: 6.8 | F122: 5.21 | G122: 15.8 | H122: 16.1 | I122: 0.34444444 | J122: =VLOOKUP(D122,Fish_Container_info!$A$2:$E$20,4) -> #N/A | K122: =VLOOKUP(D122,Fish_Container_info!$A$2:$D$20,2) -> #N/A | L122: =VLOOKUP(D122,Fish_Container_info!$A$2:$D$20,3) -> #N/A | M122: =VLOOKUP(C122,Fish_Container_info!$G$2:$H$45,2) -> 5300 | N122: 2 | O122: =I122-B122 -> 0.036805556 | P122: =VALUE(O122*24*60)/(24*60) -> 0.036805556 | Q122: =H122-G122 -> 0.3 | R122: =E122-F122 -> 1.59 | S122: =R122*(M122/1000)/1000 -> 0.008427 | T122: =(S122/L122)/P122 -> #N/A | U122: =AVERAGE(G122:H122) -> 15.95 | V122: 0.0032661912
A123: 45050 | B123: 0.37916667 | C123: 8 | D123: 2cha | E123: 6.89 | F123: 3.92 | G123: 16.4 | H123: 16.8 | I123: 0.41527778 | J123: =VLOOKUP(D123,Fish_Container_info!$A$2:$E$20,4) -> #N/A | K123: =VLOOKUP(D123,Fish_Container_info!$A$2:$D$20,2) -> #N/A | L123: =VLOOKUP(D123,Fish_Container_info!$A$2:$D$20,3) -> #N/A | M123: =VLOOKUP(C123,Fish_Container_info!$G$2:$H$45,2) -> 3690 | N123: 3 | O123: =I123-B123 -> 0.036111111 | P123: =VALUE(O123*24*60)/(24*60) -> 0.036111111 | Q123: =H123-G123 -> 0.4 | R123: =E123-F123 -> 2.97 | S123: =R123*(M123/1000)/1000 -> 0.0109593 | T123: =(S123/L123)/P123 -> #N/A | U123: =AVERAGE(G123:H123) -> 16.6 | V123: 0.0047420048
A124: 45050 | B124: 0.38125 | C124: 15 | D124: 3cha | E124: 8.04 | F124: 6.12 | G124: 16.5 | H124: 16.8 | I124: 0.41736111 | J124: =VLOOKUP(D124,Fish_Container_info!$A$2:$E$20,4) -> #N/A | K124: =VLOOKUP(D124,Fish_Container_info!$A$2:$D$20,2) -> #N/A | L124: =VLOOKUP(D124,Fish_Container_info!$A$2:$D$20,3) -> #N/A | M124: =VLOOKUP(C124,Fish_Container_info!$G$2:$H$45,2) -> 5300 | N124: 3 | O124: =I124-B124 -> 0.036111111 | P124: =VALUE(O124*24*60)/(24*60) -> 0.036111111 | Q124: =H124-G124 -> 0.3 | R124: =E124-F124 -> 1.92 | S124: =R124*(M124/1000)/1000 -> 0.010176 | T124: =(S124/L124)/P124 -> #N/A | U124: =AVERAGE(G124:H124) -> 16.65 | V124: 0.0040199276
... A127: 45050 | B127: 0.66666667 | C127: 15 | D127: 3cha | E127: 6.2 | F127: 4.44 | G127: 18.7 | H127: 18.6 | I127: 0.70138889 | J127: =VLOOKUP(D127,Fish_Container_info!$A$2:$E$20,4) -> #N/A | K127: =VLOOKUP(D127,Fish_Container_info!$A$2:$D$20,2) -> #N/A | L127: =VLOOKUP(D127,Fish_Container_info!$A$2:$D$20,3) -> #N/A | M127: =VLOOKUP(C127,Fish_Container_info!$G$2:$H$45,2) -> 5300 | N127: 5 | O127: =I127-B127 -> 0.034722222 | P127: =VALUE(O127*24*60)/(24*60) -> 0.034722222 | Q127: =H127-G127 -> -0.1 | R127: =E127-F127 -> 1.76 | S127: =R127*(M127/1000)/1000 -> 0.009328 | T127: =(S127/L127)/P127 -> #N/A | U127: =AVERAGE(G127:H127) -> 18.65 | V127: 0.003832331

Sheet Fish_Container_info
A1: FishID | B1: Container | C1: Length_mm | D1: Weight_g | E1: Species | G1: Container | H1: Volume_mL
A2: 6itou | B2: 10 | C2: 56 | D2: 1.5 | E2: Parahucho perryi | G2: 1 | H2: 582
A3: 8itou | B3: 12 | C3: 65 | D3: 2.2 | E3: Parahucho perryi | G3: 2 | H3: 406
A4: 3itou | B4: 3 | C4: 66 | D4: 2.3 | E4: Parahucho perryi | G4: 3 | H4: 362
A5: 2itou | B5: 2 | C5: 67 | D5: 2.2 | E5: Parahucho perryi | G5: 4 | H5: 362
A6: 5itou | B6: 9 | C6: 67 | D6: 2.7 | E6: Parahucho perryi | G6: 5 | H6: 3690
A7: 10itou | B7: 4 | C7: 73 | D7: 3 | E7: Parahucho perryi | G7: 6 | H7: 2340
A8: 1itou | B8: 1 | C8: 76 | D8: 3.4 | E8: Parahucho perryi | G8: 7 | H8: 2340
A9: 9itou | B9: 1 | C9: 80 | D9: 3.7 | E9: Parahucho perryi | G9: 8 | H9: 3690
A10: 7itou | B10: 11 | C10: 83 | D10: 4.7 | E10: Parahucho perryi | G10: 9 | H10: 372
A11: 7mas | B11: 7 | C11: 114 | D11: 13.1 | E11: Oncorhynchus masou | G11: 10 | H11: 374
A12: 4mas | B12: 13 | C12: 115 | D12: 13 | E12: Oncorhynchus masou | G12: 11 | H12: 384
A13: 5mas | B13: 14 | C13: 116 | D13: 13.5 | E13: Oncorhynchus masou | G13: 12 | H13: 376
... A16: 6mas | B16: 5 | C16: 160 | D16: 34.5 | E16: Oncorhynchus masou | G16: 15 | H16: 5300
A17: 1cha | B17: 8 | C17: 163 | D17: 42.9 | E17: Salvelinus leucomaenis
A18: 2cha | B18: 8 | C18: 184 | D18: 64 | E18: Salvelinus leucomaenis
A19: 3cha | B19: 15 | C19: 206 | D19: 70.1 | E19: Salvelinus leucomaenis
